{
  "2D": 3.05799984931946,
  "3D": 1461.62900042534,
  "AFK": 5858.00299978256,
  "AssetLib": 14.0349998474121,
  "Editor": 42632.7060015202,
  "Game": 12563.901999712,
  "Script": 28590.0820016861
}