{
  "2D": 1.98599982261658,
  "3D": 74.8580002784729,
  "AssetLib": 1.99499988555908,
  "Editor": 4072.72100067139,
  "Game": 632.821999788284,
  "Script": 3361.06000089646
}