{
  "2D": 1.98599982261658,
  "3D": 197.846999883652,
  "AFK": 716.999000072479,
  "AssetLib": 14.0349998474121,
  "Editor": 16399.7299995422,
  "Game": 4986.83199882507,
  "Script": 11199.0300011635
}