{
  "2D": 3.05799984931946,
  "3D": 736.930999994278,
  "AFK": 5835.00599980354,
  "AssetLib": 14.0349998474121,
  "Editor": 34717.4430000782,
  "Game": 10844.6839993,
  "Script": 23118.7350010871
}