{
  "2D": 1.98599982261658,
  "3D": 74.8580002784729,
  "AssetLib": 1.99499988555908,
  "Editor": 5340.81200027466,
  "Game": 946.870999574661,
  "Script": 4315.10200071335
}