{
  "2D": 1374.19000029564,
  "3D": 4979.32600069045,
  "AFK": 7448.99799966812,
  "AssetLib": 40.0549998283386,
  "Editor": 74933.4710013866,
  "Game": 20732.0919992925,
  "Script": 47808.2920012472
}