{
  "2D": 3.05799984931946,
  "3D": 736.930999994278,
  "AFK": 5835.00599980354,
  "AssetLib": 14.0349998474121,
  "Editor": 34432.2250003814,
  "Game": 10592.2809991837,
  "Script": 23085.9200015068
}