{
  "2D": 1.98599982261658,
  "3D": 74.8580002784729,
  "AssetLib": 1.99499988555908,
  "Editor": 5806.82000041009,
  "Game": 1086.42499995232,
  "Script": 4641.55600047112
}