{
  "2D": 1.98599982261658,
  "3D": 74.8580002784729,
  "AssetLib": 1.99499988555908,
  "Editor": 4362.30300045014,
  "Game": 740.162999629974,
  "Script": 3543.30100083352
}