{
  "2D": 1.98599982261658,
  "3D": 74.8580002784729,
  "AssetLib": 1.99499988555908,
  "Editor": 5138.96700048447,
  "Game": 912.892999649048,
  "Script": 4147.23500084878
}