{
  "2D": 1.98599982261658,
  "3D": 74.8580002784729,
  "AssetLib": 1.99499988555908,
  "Editor": 2684.78500008583,
  "Game": 464.755000114441,
  "Script": 2141.19099998474
}