{
  "2D": 3.05799984931946,
  "3D": 736.930999994278,
  "AFK": 5835.00599980354,
  "AssetLib": 14.0349998474121,
  "Editor": 36062.9660003185,
  "Game": 11214.3649992943,
  "Script": 24094.5770013332
}