{
  "2D": 1.98599982261658,
  "3D": 581.374000072479,
  "AFK": 5835.00599980354,
  "AssetLib": 14.0349998474121,
  "Editor": 25400.2940006256,
  "Game": 6556.44699883461,
  "Script": 18246.4520020484
}