{
  "2D": 3.05799984931946,
  "3D": 1266.77800035477,
  "AFK": 5858.00299978256,
  "AssetLib": 14.0349998474121,
  "Editor": 40898.3230009079,
  "Game": 12162.673999548,
  "Script": 27451.7780013084
}