{
  "2D": 3.05799984931946,
  "3D": 736.930999994278,
  "AFK": 5835.00599980354,
  "AssetLib": 14.0349998474121,
  "Editor": 34001.1890003681,
  "Game": 10516.1109991074,
  "Script": 22731.0540015697
}