{
  "2D": 245.957999944687,
  "3D": 2800.90100002288,
  "AFK": 6820.0009996891,
  "AssetLib": 14.0349998474121,
  "Editor": 54339.493001461,
  "Game": 15574.7430000306,
  "Script": 35704.605001688
}