{
  "2D": 1.98599982261658,
  "3D": 74.8580002784729,
  "AssetLib": 1.99499988555908,
  "Editor": 2394.43899989128,
  "Game": 311.373000144959,
  "Script": 2004.22699975967
}