{
  "2D": 3.05799984931946,
  "3D": 2363.22000002861,
  "AFK": 5858.00299978256,
  "AssetLib": 14.0349998474121,
  "Editor": 44548.892001152,
  "Game": 13094.2259998322,
  "Script": 29074.3530015945
}