{
  "2D": 1.98599982261658,
  "3D": 74.8580002784729,
  "AssetLib": 1.99499988555908,
  "Editor": 3715.00100016594,
  "Game": 571.46799993515,
  "Script": 3064.69400024415
}