{
  "2D": 1.98599982261658,
  "3D": 197.846999883652,
  "AFK": 765.996000051498,
  "AssetLib": 14.0349998474121,
  "Editor": 19887.5569996834,
  "Game": 6195.20399904251,
  "Script": 13478.4850010872
}