{
  "2D": 1374.19000029564,
  "3D": 6168.3470005989,
  "AFK": 8073.00599932671,
  "AssetLib": 40.0549998283386,
  "Editor": 77261.4560005664,
  "Game": 20843.7149989606,
  "Script": 48835.1490008829
}