{
  "2D": 1.98599982261658,
  "3D": 74.8580002784729,
  "AssetLib": 1.99499988555908,
  "Editor": 2863.3780002594,
  "Game": 495.907999992371,
  "Script": 2288.63100028038
}