{
  "2D": 1.98599982261658,
  "3D": 64.8590002059937,
  "AssetLib": 1.99499988555908,
  "Editor": 1441.00500011444,
  "Game": 2.0090000629425,
  "Script": 1370.15600013733
}