{
  "2D": 702.716000080108,
  "3D": 3009.12600016593,
  "AFK": 7448.99799966812,
  "AssetLib": 14.0349998474121,
  "Editor": 61591.8750014305,
  "Game": 16714.708999157,
  "Script": 41151.28900218
}