{
  "2D": 1.98599982261658,
  "3D": 581.374000072479,
  "AFK": 5835.00599980354,
  "AssetLib": 14.0349998474121,
  "Editor": 25470.7750005722,
  "Game": 6611.44899892807,
  "Script": 18261.9310019016
}