{
  "2D": 3.05799984931946,
  "3D": 1422.62800049782,
  "AFK": 5858.00299978256,
  "AssetLib": 14.0349998474121,
  "Editor": 41655.1840012074,
  "Game": 12336.6709997654,
  "Script": 27878.7920012474
}