{
  "2D": 1.98599982261658,
  "3D": 608.863999843598,
  "AFK": 5835.00599980354,
  "AssetLib": 14.0349998474121,
  "Editor": 26202.910000801,
  "Game": 6963.89399886131,
  "Script": 18614.1310024261
}