{
  "2D": 1.98599982261658,
  "3D": 74.8580002784729,
  "AssetLib": 1.99499988555908,
  "Editor": 2592.85700035095,
  "Game": 413.080000162125,
  "Script": 2100.93800020218
}