{
  "2D": 3.05799984931946,
  "3D": 1422.62800049782,
  "AFK": 5858.00299978256,
  "AssetLib": 14.0349998474121,
  "Editor": 42391.4760015011,
  "Game": 12487.681999445,
  "Script": 28464.0730018616
}