{
  "2D": 3.05799984931946,
  "3D": 736.930999994278,
  "AFK": 5835.00599980354,
  "AssetLib": 14.0349998474121,
  "Editor": 35802.9230000972,
  "Game": 11019.4609992504,
  "Script": 24029.4380011558
}