{
  "2D": 3.05799984931946,
  "3D": 736.930999994278,
  "AFK": 5835.00599980354,
  "AssetLib": 14.0349998474121,
  "Editor": 33846.2840006351,
  "Game": 10414.1429991722,
  "Script": 22678.1170017719
}