{
  "2D": 3.05799984931946,
  "3D": 736.930999994278,
  "AFK": 5835.00599980354,
  "AssetLib": 14.0349998474121,
  "Editor": 36312.2720003128,
  "Game": 11369.0719993114,
  "Script": 24189.1760013103
}