{
  "2D": 3.05799984931946,
  "3D": 1422.62800049782,
  "AFK": 5858.00299978256,
  "AssetLib": 14.0349998474121,
  "Editor": 41902.8780014515,
  "Game": 12415.7029995919,
  "Script": 28047.4540016651
}