{
  "2D": 1.98599982261658,
  "3D": 608.863999843598,
  "AFK": 5835.00599980354,
  "AssetLib": 14.0349998474121,
  "Editor": 25999.2940003871,
  "Game": 6906.84199905395,
  "Script": 18467.5670018196
}