{
  "2D": 1.98599982261658,
  "3D": 74.8580002784729,
  "AssetLib": 1.99499988555908,
  "Editor": 1954.73199987412,
  "Game": 230.009000062943,
  "Script": 1645.88399982452
}